"player_id","playerName","teamName","G","TPA","AB","H","X1B","X2B","X3B","HR","R","RBI","BB","IBB","K","SB","BBK","BABIP","AVG","OBP","SLG","OPS","RC","RC27","wRC","wOBA","oWAR"
1445,"홍창기","LG",144,651,524,172,140,26,2,4,103,52,109,4,95,23,1.147,0.393,0.328,0.456,0.408,0.864,112.46,8.251141,123.73,0.412,7.1
1479,"이정후","Hero",123,544,464,167,112,42,6,7,78,84,62,1,37,10,1.676,0.373,0.36,0.438,0.522,0.96,112.79,9.606719,112.3,0.429,7.06
1546,"강백호","KT",142,628,516,179,122,40,1,16,76,102,104,10,85,10,1.224,0.385,0.347,0.451,0.521,0.972,130.8,9.892437,132.25,0.434,6.97
560,"최정","SSG",134,555,436,121,68,17,1,35,92,100,84,3,102,8,0.824,0.277,0.278,0.41,0.562,0.972,108.03,8.503819,112.36,0.425,6.83
647,"양의지","NC",141,570,480,156,95,29,2,30,81,111,69,5,60,2,1.15,0.315,0.325,0.414,0.581,0.995,119.17,9.272594,118.95,0.432,6.48
1748,"알테어","NC",143,565,492,134,81,19,2,32,83,84,57,2,156,20,0.365,0.331,0.272,0.358,0.514,0.872,95.74,6.930241,92.94,0.384,4.89
762,"전준우","롯데",144,619,552,192,139,46,0,7,88,92,53,0,71,6,0.746,0.384,0.348,0.405,0.469,0.874,108.12,7.64199,108.56,0.395,4.86
517,"구자욱","삼성",139,610,543,166,104,30,10,22,107,88,48,3,98,27,0.49,0.331,0.306,0.361,0.519,0.88,107.26,7.186154,99.62,0.382,4.48
1569,"정은원","한화",139,608,495,140,107,22,5,6,85,39,105,1,105,19,1,0.346,0.283,0.407,0.384,0.791,85.95,6.075,95.97,0.376,4.41
1855,"추신수","SSG",137,580,461,122,80,19,2,21,84,69,103,4,123,25,0.837,0.315,0.265,0.409,0.451,0.86,95.69,7.17675,101.83,0.396,4.3
675,"김재환*","두산",137,566,475,130,78,23,2,27,86,102,81,3,127,2,0.638,0.316,0.274,0.382,0.501,0.883,94.97,7.083398,97.84,0.393,4.26
672,"박건우","두산",126,525,458,149,110,31,2,6,82,63,50,2,72,13,0.694,0.37,0.325,0.4,0.441,0.841,84.15,6.864199,86.61,0.384,4.24
648,"최재훈","한화",116,467,375,103,75,21,0,7,52,44,72,2,68,3,1.059,0.317,0.275,0.405,0.387,0.792,62.42,5.655503,73.45,0.376,4.15
578,"한유섬","SSG",135,519,442,123,73,18,1,31,71,95,60,4,96,1,0.625,0.287,0.278,0.373,0.534,0.907,90.29,7.233917,91.15,0.396,4.14
738,"강민호","삼성",123,462,406,118,78,22,0,18,55,67,45,4,53,0,0.849,0.292,0.291,0.361,0.478,0.839,67.66,5.836486,70.44,0.37,4.09
1517,"김혜성","Hero",144,635,559,170,144,20,3,3,99,66,65,3,97,46,0.67,0.356,0.304,0.372,0.367,0.739,88.8,5.833577,81.01,0.343,4
1652,"노시환","한화",107,458,380,103,66,18,1,18,56,84,73,9,107,5,0.682,0.328,0.271,0.386,0.466,0.852,69.49,6.296074,73.8,0.38,3.56
127,"안치홍","롯데",119,490,421,129,87,30,2,10,58,82,52,2,59,3,0.881,0.33,0.306,0.379,0.458,0.837,74.17,6.219224,77.19,0.376,3.51
1547,"한동희","롯데",129,496,424,113,72,24,0,17,54,69,61,1,95,0,0.642,0.304,0.267,0.364,0.443,0.807,66.31,5.296953,73.8,0.366,3.32
126,"김선빈","KIA",130,564,501,154,117,32,0,5,55,67,56,2,39,0,1.436,0.323,0.307,0.375,0.401,0.776,74.58,5.413065,79.08,0.357,3.29
836,"나성범","NC",144,623,570,160,97,29,1,33,96,101,38,2,155,1,0.245,0.329,0.281,0.335,0.509,0.844,98.87,6.340831,93.67,0.368,3.19
1541,"박성한","SSG",135,471,407,123,97,21,1,4,53,44,49,0,73,12,0.671,0.358,0.302,0.377,0.388,0.765,65.51,5.818322,65.93,0.357,3.18
1860,"피렐라","삼성",140,621,553,158,102,25,2,29,102,97,57,2,89,9,0.64,0.295,0.286,0.359,0.495,0.854,99.87,6.544879,99.16,0.378,3.16
505,"박해민","삼성",127,542,454,132,104,22,1,5,78,54,69,2,82,36,0.841,0.34,0.291,0.383,0.377,0.76,74.49,5.649522,75.4,0.356,3.11
760,"손아섭","롯데",139,610,542,173,139,29,2,3,88,58,61,3,67,11,0.91,0.359,0.319,0.39,0.397,0.787,84.55,5.794036,90.07,0.365,3.05
1641,"페르난데스","두산",141,617,540,170,131,24,0,15,73,81,65,3,35,0,1.857,0.313,0.315,0.391,0.443,0.834,90.31,6.050546,99,0.379,3.03
752,"정훈","롯데",135,561,486,142,100,27,1,14,70,79,68,8,89,8,0.764,0.332,0.292,0.38,0.438,0.818,86.63,6.588761,84.91,0.369,2.87
214,"박동원","Hero",131,481,413,103,60,21,0,22,61,83,53,0,114,2,0.465,0.289,0.249,0.342,0.46,0.802,66.25,5.420455,68.78,0.36,2.84
135,"이용규","Hero",133,547,459,136,111,16,8,1,88,43,71,2,47,17,1.511,0.324,0.296,0.392,0.373,0.765,77.27,6.100263,78.09,0.36,2.82
829,"노진혁","NC",107,384,330,95,65,22,0,8,41,58,42,0,90,1,0.467,0.37,0.288,0.374,0.427,0.801,56.68,6.220976,57.52,0.367,2.82
668,"김현수","LG",140,595,506,144,103,23,1,17,70,96,77,5,42,3,1.833,0.279,0.285,0.376,0.435,0.811,89.97,6.426429,89.01,0.367,2.78
662,"오재일","삼성",120,484,418,119,74,20,0,25,64,97,58,8,106,1,0.547,0.319,0.285,0.366,0.512,0.878,82.45,7.135096,78.15,0.38,2.77
37,"하주석","한화",138,594,525,143,103,27,3,10,84,68,51,1,135,23,0.378,0.347,0.272,0.346,0.392,0.738,75.75,5.05,73.77,0.339,2.67
1421,"최원준","KIA",143,668,589,174,144,21,5,4,82,44,61,0,68,40,0.897,0.327,0.295,0.37,0.368,0.738,88.54,5.420816,87.49,0.347,2.56
914,"배정대","KT",144,595,510,132,96,23,1,12,85,68,65,2,132,19,0.492,0.323,0.259,0.353,0.378,0.731,73.71,4.950672,74.19,0.34,2.55
748,"황재균","KT",117,507,453,132,104,16,2,10,74,56,46,1,92,11,0.5,0.344,0.291,0.358,0.402,0.76,66.56,5.270147,66.87,0.348,2.53
1750,"마차도","롯데",134,539,466,130,103,21,1,5,83,58,58,1,65,8,0.892,0.31,0.279,0.359,0.361,0.72,64.71,4.85325,65.58,0.337,2.49
663,"최주환","SSG",116,470,406,104,70,16,0,18,50,67,53,4,84,2,0.631,0.281,0.256,0.353,0.429,0.782,64.34,5.567885,64.55,0.354,2.17
911,"양석환","두산",133,546,488,133,83,22,0,28,66,96,42,2,136,2,0.309,0.317,0.273,0.337,0.49,0.827,80.42,5.79024,79.17,0.362,2.06
348,"채은성","LG",110,448,387,107,71,20,0,16,59,82,38,2,80,4,0.475,0.305,0.276,0.359,0.452,0.811,65.24,5.911007,65.72,0.364,2.04
904,"박계범","두산",118,385,322,86,68,12,1,5,44,46,44,0,68,4,0.647,0.321,0.267,0.368,0.357,0.725,45.4,4.76965,49.54,0.344,1.88
790,"장성우","KT",127,460,385,89,62,13,0,14,46,63,60,3,69,1,0.87,0.246,0.231,0.337,0.374,0.711,48.6,4.025153,52.72,0.329,1.87
237,"유한준","KT",103,337,282,87,66,16,0,5,30,42,44,5,34,1,1.294,0.332,0.309,0.409,0.418,0.827,49.75,6.366114,54.51,0.381,1.86
1515,"김태연","한화",53,220,176,53,38,12,0,3,29,34,34,0,44,5,0.773,0.373,0.301,0.418,0.42,0.838,34.73,6.946,37.85,0.392,1.83
369,"유강남","LG",130,441,397,100,73,16,0,11,39,60,25,1,75,2,0.333,0.284,0.252,0.317,0.375,0.692,47.26,4.076741,45.7,0.317,1.69
562,"김성현","SSG",110,274,237,67,46,15,0,6,27,37,29,0,29,5,1,0.296,0.283,0.356,0.422,0.778,36.42,5.258503,37.52,0.353,1.68
315,"오지환","LG",134,532,464,118,90,19,1,8,62,57,54,0,82,12,0.659,0.29,0.254,0.335,0.351,0.686,57.16,4.14871,57.3,0.321,1.63
1757,"최지훈","SSG",136,534,461,121,91,19,6,5,75,46,51,0,71,26,0.718,0.297,0.262,0.342,0.362,0.704,64.17,4.733852,60.73,0.328,1.58
681,"김인태","두산",133,418,344,89,65,15,1,8,51,46,62,0,68,0,0.912,0.298,0.259,0.373,0.378,0.751,51.71,5.058587,57.54,0.354,1.58
554,"이재원","SSG",107,313,271,76,60,13,0,3,29,30,29,4,47,0,0.617,0.327,0.28,0.358,0.362,0.72,33.12,4.083288,36.86,0.332,1.53
575,"이명기","NC",56,232,191,56,42,12,0,2,30,14,37,0,27,6,1.37,0.333,0.293,0.41,0.387,0.797,33.97,6.413916,37.47,0.38,1.51
461,"박석민","NC",59,205,171,44,26,8,0,10,27,41,27,1,43,0,0.628,0.283,0.257,0.361,0.48,0.841,29.18,5.627571,32.07,0.375,1.48
395,"권희동","NC",55,171,133,35,24,3,0,8,25,26,29,1,24,2,1.208,0.26,0.263,0.406,0.466,0.872,28.11,7.160094,30.29,0.397,1.46
227,"서건창","Hero",76,333,278,72,55,12,1,4,45,28,45,2,44,6,1.023,0.292,0.259,0.37,0.353,0.723,38.47,4.657803,42.37,0.343,1.42
1288,"심우준","KT",139,460,407,109,81,20,2,6,61,48,32,0,65,16,0.492,0.301,0.268,0.323,0.371,0.694,53.07,4.449969,47.84,0.317,1.41
1284,"김병희","KT",34,70,52,15,7,3,0,5,16,13,13,0,15,3,0.867,0.313,0.288,0.456,0.635,1.091,17.61,12.191538,17.51,0.477,1.31
1813,"송우현","Hero",69,282,250,74,52,17,2,3,34,42,28,1,49,1,0.571,0.357,0.296,0.37,0.416,0.786,39.75,5.864754,40.22,0.36,1.23
704,"류지혁","KIA",92,327,273,76,66,8,0,2,37,34,42,1,46,0,0.913,0.325,0.278,0.385,0.33,0.715,38.13,4.925885,42.41,0.345,1.17
664,"허경민","두산",136,518,468,130,100,24,1,5,61,59,36,1,35,5,1.029,0.29,0.278,0.338,0.365,0.703,53.09,3.853306,57.4,0.325,1.14
1501,"로맥","SSG",107,421,355,80,49,11,0,20,55,52,59,1,82,1,0.72,0.234,0.225,0.34,0.425,0.765,53.97,5.077317,55.65,0.348,1.12
1291,"김민혁","KT",75,199,172,55,46,6,2,1,22,13,20,0,26,6,0.769,0.372,0.32,0.397,0.395,0.792,28.34,5.977969,30.43,0.371,1.06
1311,"지시완","롯데",73,187,166,40,24,9,0,7,23,26,14,0,54,0,0.259,0.314,0.241,0.319,0.422,0.741,21.53,4.338134,22.43,0.335,1.05
1283,"안중열","롯데",58,157,125,29,21,5,0,3,19,16,27,0,25,0,1.08,0.265,0.232,0.37,0.344,0.714,18.74,5.009703,20.35,0.345,1.04
1148,"이대호","롯데",114,465,420,120,90,11,0,19,39,81,34,3,49,0,0.694,0.282,0.286,0.342,0.448,0.79,63.54,5.394906,62.34,0.35,1.02
1376,"김웅빈","Hero",97,279,232,56,36,13,1,6,24,35,34,2,73,1,0.466,0.323,0.241,0.357,0.384,0.741,35.29,5.206721,35.9,0.344,1.02
1394,"조수행","두산",115,104,84,24,20,2,1,1,34,8,16,0,26,21,0.615,0.404,0.286,0.417,0.369,0.786,17.31,7.081364,16.8,0.38,1.01
659,"이원석","삼성",131,480,399,92,64,19,0,9,40,59,60,2,80,1,0.75,0.261,0.231,0.341,0.346,0.687,51.65,4.251677,52.69,0.324,1.01
897,"박찬호","KIA",131,483,418,103,82,15,5,1,51,59,54,0,73,9,0.74,0.294,0.246,0.331,0.313,0.644,45.87,3.631935,45.67,0.307,0.92
830,"박민우","NC",50,215,180,47,38,5,3,1,30,18,22,0,23,12,0.957,0.291,0.261,0.36,0.339,0.699,25.1,4.641781,25.57,0.334,0.87
571,"김강민","SSG",122,260,223,53,32,12,1,8,43,27,25,1,52,3,0.481,0.271,0.238,0.327,0.408,0.735,31.15,4.621154,30.65,0.332,0.81
680,"장승현","두산",92,211,177,41,29,10,0,2,18,27,19,0,50,0,0.38,0.31,0.232,0.332,0.322,0.654,21.23,3.953172,21.17,0.313,0.74
669,"정수빈","두산",104,351,313,81,55,19,4,3,50,37,29,1,50,12,0.58,0.299,0.259,0.327,0.374,0.701,37.91,4.077968,37.6,0.321,0.72
818,"김태군","NC",102,276,232,51,37,7,0,7,23,24,21,0,30,0,0.7,0.222,0.22,0.311,0.341,0.652,26.59,3.625909,25.69,0.305,0.72
614,"김민식","KIA",100,301,250,55,44,8,0,3,30,26,41,1,49,0,0.837,0.259,0.22,0.336,0.288,0.624,28.41,3.77867,27.89,0.305,0.71
212,"허도환","KT",62,125,105,29,21,6,0,2,8,21,8,0,28,0,0.286,0.36,0.276,0.339,0.39,0.729,14.05,4.26236,15.05,0.335,0.7
1754,"김지찬","삼성",120,336,296,81,74,6,0,1,50,26,27,0,31,23,0.871,0.3,0.274,0.331,0.304,0.635,35.99,4.188491,30.23,0.302,0.7
1339,"오윤석","KT",64,122,95,24,18,4,0,2,14,12,20,0,26,2,0.769,0.328,0.253,0.393,0.358,0.751,15.64,5.413846,17.88,0.364,0.67
1886,"권동진","KT",86,86,67,17,11,5,0,1,21,6,18,0,30,3,0.6,0.444,0.254,0.412,0.373,0.785,11.82,5.91,13.88,0.38,0.66
478,"김헌곤","삼성",118,364,317,89,75,8,2,4,38,27,34,0,46,5,0.739,0.313,0.281,0.355,0.356,0.711,41.29,4.477229,43.09,0.333,0.63
1337,"김재유","롯데",87,192,174,50,41,8,0,1,27,18,10,0,36,7,0.278,0.358,0.287,0.34,0.351,0.691,23.09,4.832791,20.87,0.322,0.6
1923,"김주원","NC",69,189,166,40,27,7,1,5,20,16,17,0,57,6,0.298,0.33,0.241,0.316,0.386,0.702,20.47,4.034234,20.04,0.319,0.6
1669,"추재현","롯데",95,300,262,66,46,15,0,5,37,26,26,0,57,4,0.456,0.305,0.252,0.336,0.366,0.702,33.87,4.417826,34.04,0.328,0.58
221,"박병호","Hero",118,477,409,93,50,23,0,20,48,76,47,3,141,0,0.333,0.286,0.227,0.323,0.43,0.753,59.02,4.785405,57.82,0.336,0.55
1326,"이현석","SSG",39,89,79,21,12,5,0,4,7,19,5,0,29,0,0.172,0.354,0.266,0.302,0.481,0.783,12.27,5.258571,10.93,0.338,0.54
58,"한승택","KIA",82,239,203,44,34,7,0,3,17,16,28,0,61,0,0.459,0.295,0.217,0.321,0.296,0.617,20.33,3.247988,20.91,0.299,0.54
1338,"송성문","Hero",66,274,245,61,44,10,1,6,30,33,25,0,42,0,0.595,0.278,0.249,0.32,0.371,0.691,30.86,4.408571,28.69,0.318,0.53
884,"이성곤","한화",60,206,172,46,31,12,2,1,17,24,29,0,52,0,0.558,0.375,0.267,0.38,0.378,0.758,25.68,5.136,29.19,0.358,0.51
483,"이흥련","SSG",90,146,127,30,24,3,0,3,15,14,12,0,31,0,0.387,0.29,0.236,0.326,0.331,0.657,13.98,3.66466,14.51,0.312,0.51
1894,"문보경","LG",107,329,278,64,44,11,1,8,37,39,46,1,64,3,0.719,0.269,0.23,0.337,0.363,0.7,37.04,4.4448,37.25,0.327,0.51
871,"김민수","삼성",47,87,76,20,12,5,0,3,9,13,6,0,13,0,0.462,0.274,0.263,0.318,0.447,0.765,10.94,4.764194,10.62,0.337,0.5
227,"서건창","LG",68,267,235,58,43,12,1,2,33,25,24,0,34,6,0.706,0.28,0.247,0.323,0.332,0.655,27.24,3.933048,25.57,0.308,0.44
1212,"이형종","LG",90,281,239,52,31,11,0,10,32,34,34,1,65,3,0.523,0.256,0.218,0.332,0.389,0.721,30.78,4.176181,33.4,0.334,0.44
765,"김준태","롯데",47,131,111,23,14,5,0,4,17,15,17,0,35,0,0.486,0.257,0.207,0.313,0.36,0.673,13.71,4.023587,13.09,0.313,0.44
1869,"알몬테","KT",60,250,225,61,45,9,0,7,18,36,22,0,50,1,0.44,0.318,0.271,0.336,0.404,0.74,29.64,4.573029,30.51,0.337,0.43
1415,"최용제","두산",78,119,104,29,26,3,0,0,7,15,11,0,21,0,0.524,0.345,0.279,0.356,0.308,0.664,12.93,4.533896,12.68,0.32,0.39
1705,"김주형","Hero",36,70,50,9,6,3,0,0,5,5,4,0,15,1,0.267,0.257,0.18,0.388,0.24,0.628,6.87,4.215682,8.62,0.338,0.38
1522,"김찬형","NC",17,26,22,8,7,1,0,0,2,1,2,0,5,0,0.4,0.471,0.364,0.44,0.409,0.849,4.36,7.848,4.69,0.401,0.35
333,"강승호","두산",113,340,301,72,47,16,2,7,47,37,22,1,78,8,0.282,0.297,0.239,0.301,0.375,0.676,34.49,3.72492,31.78,0.306,0.35
1873,"안재석","두산",96,224,200,51,39,8,2,2,28,14,16,0,53,1,0.302,0.329,0.255,0.317,0.345,0.662,23.18,3.986369,20.95,0.306,0.34
454,"이지영","Hero",108,258,233,64,58,5,1,0,29,31,19,2,17,3,1.118,0.292,0.275,0.328,0.305,0.633,22.77,3.323189,21.74,0.296,0.32
1563,"호잉","KT",68,294,259,62,39,11,1,11,32,52,26,2,52,5,0.5,0.254,0.239,0.313,0.417,0.73,36.22,4.747282,32.37,0.324,0.32
1690,"신용수","롯데",71,136,119,31,23,5,2,1,23,6,11,0,20,3,0.55,0.303,0.261,0.336,0.361,0.697,15.41,4.426277,14.95,0.324,0.31
226,"김민성","LG",121,426,360,80,50,22,0,8,35,39,42,2,73,3,0.575,0.254,0.222,0.313,0.35,0.663,42.03,3.708529,40.21,0.307,0.31
1760,"최정원","NC",72,238,212,60,54,4,2,0,40,8,18,0,40,9,0.45,0.349,0.283,0.35,0.321,0.671,25.02,4.119146,25.32,0.32,0.3
793,"오태곤","SSG",122,253,235,63,44,10,0,9,47,35,14,0,52,9,0.269,0.309,0.268,0.313,0.426,0.739,30.86,4.578132,29.21,0.33,0.3
1951,"이정범","SSG",19,66,59,15,8,4,0,3,8,9,7,0,15,0,0.467,0.293,0.254,0.333,0.475,0.808,9.49,5.694,9.39,0.359,0.3
1691,"터커","KIA",127,539,468,111,77,24,1,9,42,59,61,1,66,0,0.924,0.258,0.237,0.334,0.35,0.684,57.06,4.152615,58.17,0.322,0.3
1294,"송민섭","KT",122,65,48,11,11,0,0,0,39,7,12,0,22,15,0.545,0.423,0.229,0.383,0.229,0.612,8.3,5.211628,7.12,0.323,0.3
484,"김성표","삼성",39,24,18,6,6,0,0,0,10,1,5,0,7,2,0.714,0.545,0.333,0.478,0.333,0.811,3.69,7.116429,4.48,0.408,0.26
392,"윤형준","NC",51,81,74,22,17,0,0,5,10,10,3,0,17,0,0.176,0.321,0.297,0.321,0.5,0.821,10.83,4.956102,11.27,0.356,0.26
317,"정주현","LG",73,214,181,43,32,7,1,3,26,10,24,0,32,3,0.75,0.272,0.238,0.325,0.337,0.662,20.65,3.620455,21.21,0.312,0.24
1776,"한석현","LG",16,26,21,6,3,2,1,0,5,1,3,0,7,2,0.429,0.4,0.286,0.385,0.476,0.861,4.37,6.940588,4.25,0.382,0.22
1937,"페레즈","한화",59,252,224,60,39,15,1,5,26,33,17,0,52,4,0.327,0.316,0.268,0.321,0.411,0.732,29.7,4.455,28.47,0.327,0.22
79,"노수광","한화",52,180,160,37,27,7,0,3,21,14,17,0,46,13,0.37,0.306,0.231,0.309,0.331,0.64,19.28,4.098898,15.95,0.3,0.22
1420,"이진영","KIA",17,47,40,8,3,2,1,2,8,5,3,0,22,1,0.136,0.375,0.2,0.319,0.45,0.769,6.49,5.475938,6.1,0.345,0.22
319,"최영진","삼성",44,63,57,16,13,1,1,1,9,6,5,0,12,1,0.417,0.341,0.281,0.349,0.386,0.735,8.03,5.162143,7.82,0.339,0.21
1332,"김호령","KIA",62,154,130,27,21,2,0,4,16,15,16,0,44,4,0.364,0.28,0.208,0.322,0.315,0.637,14.89,3.7225,14.7,0.308,0.21
1492,"이정훈","KIA",41,151,129,32,24,6,0,2,14,14,19,0,33,0,0.576,0.319,0.248,0.358,0.341,0.699,16.79,4.5333,18.18,0.335,0.2
1743,"라모스","LG",51,205,185,45,29,7,1,8,14,25,18,0,43,0,0.419,0.276,0.243,0.317,0.422,0.739,25.57,4.861901,24.24,0.333,0.2
471,"최형우","KIA",104,446,373,87,59,15,1,12,52,55,67,10,67,0,1,0.253,0.233,0.354,0.375,0.729,52.53,4.775455,53.1,0.334,0.19
705,"유민상","KIA",24,74,60,14,11,2,0,1,7,6,8,0,18,0,0.444,0.317,0.233,0.378,0.317,0.695,8.26,4.745106,9.56,0.345,0.17
486,"정현","NC",56,120,96,22,18,3,1,0,9,7,14,0,20,0,0.7,0.289,0.229,0.351,0.281,0.632,9.57,2.97,12.2,0.315,0.16
486,"정현","SSG",12,29,21,4,2,2,0,0,5,0,3,0,4,0,0.75,0.235,0.19,0.37,0.286,0.656,2.67,3.6045,3.49,0.335,0.16
1927,"손성빈","롯데",20,22,19,6,6,0,0,0,4,0,3,0,6,0,0.5,0.462,0.316,0.409,0.316,0.725,2.77,5.753077,3.07,0.356,0.15
891,"강한울","삼성",124,258,223,58,53,5,0,0,25,27,29,0,58,2,0.5,0.345,0.26,0.341,0.283,0.624,23.37,3.544888,23.64,0.304,0.15
1448,"남태혁","SSG",12,22,20,6,4,1,0,1,2,4,1,0,7,0,0.143,0.417,0.3,0.364,0.5,0.864,3.35,6.03,3.64,0.385,0.14
1802,"이재원","LG",62,171,154,38,27,6,0,5,22,17,14,0,48,5,0.292,0.324,0.247,0.316,0.383,0.699,19.81,4.45725,18.11,0.319,0.14
754,"신본기","KT",96,206,174,41,32,8,0,1,25,19,22,0,45,1,0.489,0.31,0.236,0.333,0.299,0.632,17.93,3.293265,19.44,0.307,0.14
23,"정범모","NC",19,23,19,4,2,1,0,1,2,5,2,0,4,0,0.5,0.214,0.211,0.318,0.421,0.739,2.02,3.03,2.79,0.336,0.13
1796,"박지훈","두산",34,14,12,4,3,1,0,0,6,2,1,0,3,3,0.333,0.444,0.333,0.429,0.417,0.846,2.53,7.59,2.5,0.399,0.12
595,"최항","SSG",34,79,69,19,16,2,1,0,5,7,6,1,16,1,0.375,0.352,0.275,0.346,0.333,0.679,7.73,3.726964,8.02,0.315,0.12
1797,"박준영","NC",111,315,273,57,40,7,2,8,37,31,27,0,92,4,0.293,0.28,0.209,0.301,0.337,0.638,27.77,3.217983,27.42,0.299,0.12
239,"전민수","NC",71,109,98,25,19,3,0,3,12,16,11,1,23,0,0.478,0.306,0.255,0.33,0.378,0.708,12.35,4.446,11.89,0.323,0.11
1491,"김민수","롯데",82,224,199,48,33,11,1,3,19,25,18,0,62,0,0.29,0.333,0.241,0.312,0.352,0.664,22.55,3.829245,21.28,0.307,0.11
1780,"천성호","KT",41,47,42,12,11,1,0,0,13,4,3,0,9,1,0.333,0.364,0.286,0.362,0.31,0.672,5.36,4.824,5.21,0.325,0.1
86,"전병우","Hero",115,261,214,40,26,8,0,6,35,31,33,0,84,3,0.393,0.272,0.187,0.319,0.308,0.627,25.23,3.7845,24.25,0.305,0.1
328,"이병규","롯데",29,43,34,8,8,0,0,0,4,4,8,0,14,0,0.571,0.4,0.235,0.395,0.235,0.63,3.61,3.481071,5.1,0.333,0.09
896,"박준태","Hero",27,58,46,9,6,3,0,0,10,4,10,0,16,1,0.625,0.3,0.196,0.362,0.261,0.623,5.66,4.13027,6.23,0.321,0.09
618,"최정민","KIA",39,19,15,5,5,0,0,0,5,1,3,0,7,2,0.429,0.625,0.333,0.474,0.333,0.807,1.86,3.587143,3.51,0.406,0.08
314,"김용의","LG",102,42,27,4,2,2,0,0,19,2,10,0,5,6,2,0.174,0.148,0.368,0.222,0.59,4.49,4.180345,4.42,0.318,0.07
1542,"김주성","LG",3,7,6,1,0,0,0,1,1,1,1,0,3,0,0.333,0,0.167,0.286,0.667,0.953,1.22,6.588,1.2,0.391,0.06
568,"박승욱","KT",8,6,6,2,1,1,0,0,5,0,0,0,1,1,0,0.4,0.333,0.333,0.5,0.833,1.17,7.8975,0.88,0.363,0.05
1339,"오윤석","롯데",33,76,69,16,7,7,0,2,9,5,7,1,21,2,0.333,0.304,0.232,0.303,0.42,0.723,8.73,4.285636,7.94,0.318,0.04
1344,"신성현","두산",11,15,11,2,2,0,0,0,3,0,3,0,6,0,0.5,0.4,0.182,0.4,0.182,0.582,1.22,3.66,1.73,0.33,0.04
1785,"최인호","한화",49,164,136,28,18,6,0,4,17,23,24,0,43,2,0.558,0.264,0.206,0.329,0.338,0.667,17.5,4.21875,17.14,0.318,0.03
1731,"정보근","롯데",11,20,18,5,5,0,0,0,0,0,2,0,2,0,1,0.313,0.278,0.35,0.278,0.628,1.38,2.484,1.89,0.307,0.02
1522,"김찬형","SSG",71,135,110,22,14,6,0,2,18,6,14,0,27,0,0.519,0.247,0.2,0.307,0.309,0.616,11.99,3.337423,11.4,0.296,0.02
120,"백용환","KIA",3,7,5,0,0,0,0,0,0,0,2,0,2,0,1,0,0,0.286,0,0.286,0.15,0.81,0.12,0.221,0.02
1896,"장두성","롯데",43,41,36,8,5,2,1,0,12,4,5,0,12,4,0.417,0.333,0.222,0.317,0.333,0.65,4.13,3.717,3.84,0.306,0.01
765,"김준태","KT",11,18,17,2,2,0,0,0,0,0,1,0,5,0,0.2,0.167,0.118,0.167,0.118,0.285,0.25,0.421875,-0.96,0.145,0.01
390,"이상호","LG",45,68,65,20,18,2,0,0,5,12,1,0,10,2,0.1,0.364,0.308,0.318,0.338,0.656,6.44,3.4776,6.03,0.3,-0.01
1692,"김은성","Hero",6,18,18,5,2,3,0,0,1,2,0,0,6,0,0,0.417,0.278,0.278,0.444,0.722,2.22,4.610769,1.79,0.312,-0.01
932,"김태진","KIA",99,414,381,105,87,12,5,1,43,36,23,1,64,8,0.359,0.325,0.276,0.314,0.341,0.655,40.84,3.700268,36.26,0.299,-0.01
1603,"김석환","KIA",5,20,19,5,4,0,0,1,1,3,0,0,7,0,0,0.364,0.263,0.3,0.421,0.721,2.48,4.782857,2.15,0.321,-0.01
1618,"안상현","SSG",37,40,39,10,7,2,0,1,9,4,1,0,15,3,0.067,0.391,0.256,0.275,0.385,0.66,4.21,3.789,3.25,0.292,-0.01
217,"김재현","Hero",39,51,46,10,3,7,0,0,2,8,3,0,12,0,0.25,0.294,0.217,0.265,0.37,0.635,4.06,2.7405,3.75,0.284,-0.01
370,"박경수","KT",118,280,239,46,27,10,0,9,24,33,34,2,76,0,0.447,0.24,0.192,0.301,0.347,0.648,25.23,3.322976,24.74,0.3,-0.01
1926,"이명기","Hero",3,8,6,1,1,0,0,0,0,1,2,0,3,0,0.667,0.333,0.167,0.375,0.167,0.542,0.57,3.078,0.77,0.308,-0.01
464,"김상수","삼성",132,496,429,101,80,17,1,3,46,42,52,0,51,4,1.02,0.259,0.235,0.32,0.301,0.621,43.04,3.26427,42.48,0.297,-0.02
794,"김민하","한화",46,142,115,24,18,4,1,1,14,17,17,0,36,6,0.472,0.288,0.209,0.345,0.287,0.632,13.35,3.640909,14.34,0.314,-0.03
870,"강경학","KIA",13,13,11,2,2,0,0,0,2,1,1,0,3,0,0.333,0.25,0.182,0.308,0.182,0.49,0.78,2.34,0.69,0.262,-0.03
419,"김준완","NC",13,14,12,2,1,0,1,0,3,1,2,0,0,0,NA,0.167,0.167,0.286,0.333,0.619,1.29,3.483,1.07,0.287,-0.03
1619,"고명성","KT",7,1,1,0,0,0,0,0,1,0,0,0,0,0,NA,0,0,0,0,0,0,0,-0.19,0,-0.03
1393,"서예일","두산",5,1,1,0,0,0,0,0,0,0,0,0,0,0,NA,0,0,0,0,0,0,0,-0.19,0,-0.03
1418,"권정웅","삼성",2,1,1,0,0,0,0,0,0,0,0,0,0,0,NA,0,0,0,0,0,0,0,-0.19,0,-0.03
1478,"황경태","두산",1,1,1,0,0,0,0,0,0,0,0,0,1,0,0,NA,0,0,0,0,0,0,-0.19,0,-0.03
1494,"나원탁","롯데",1,1,1,0,0,0,0,0,0,0,0,0,1,0,0,NA,0,0,0,0,0,0,-0.19,0,-0.03
1505,"박상언","한화",1,1,1,0,0,0,0,0,0,0,0,0,0,0,NA,0,0,0,0,0,0,0,-0.19,0,-0.03
1815,"이정용","LG",1,1,1,0,0,0,0,0,0,0,0,0,0,0,NA,0,0,0,0,0,0,0,-0.19,0,-0.03
1845,"박시원","NC",1,1,1,0,0,0,0,0,0,0,0,0,0,0,NA,0,0,0,0,0,0,0,-0.19,0,-0.03
1922,"서진용(타)","SSG",1,1,1,0,0,0,0,0,0,0,0,0,1,0,0,NA,0,0,0,0,0,0,-0.19,0,-0.03
1948,"오장한","NC",1,1,1,0,0,0,0,0,0,0,0,0,1,0,0,NA,0,0,0,0,0,0,-0.19,0,-0.03
1949,"오태양","NC",1,1,1,0,0,0,0,0,0,0,0,0,0,0,NA,0,0,0,0,0,0,0,-0.19,0,-0.03
1966,"최종은","롯데",1,1,1,0,0,0,0,0,0,0,0,0,1,0,0,NA,0,0,0,0,0,0,-0.19,0,-0.03
1968,"박성재","두산",1,1,1,0,0,0,0,0,0,0,0,0,1,0,0,NA,0,0,0,0,0,0,-0.19,0,-0.03
1952,"김현준","삼성",13,4,4,1,1,0,0,0,2,0,0,0,0,0,NA,0.25,0.25,0.25,0.25,0.5,0,0,0.1,0.23,-0.04
1781,"권민석","두산",33,15,14,3,1,2,0,0,8,1,1,0,7,0,0.143,0.429,0.214,0.267,0.357,0.624,1.4,3.436364,1.06,0.281,-0.04
1675,"배성근","롯데",78,109,93,19,14,4,0,1,21,9,14,0,36,1,0.389,0.321,0.204,0.308,0.28,0.588,9.16,3.211948,8.33,0.287,-0.04
1955,"장규현","한화",7,12,12,3,2,1,0,0,0,1,0,0,4,0,0,0.375,0.25,0.25,0.333,0.583,0.67,1.809,0.6,0.258,-0.05
906,"송준석","삼성",19,55,51,12,8,2,0,2,5,4,3,0,13,0,0.231,0.278,0.235,0.291,0.392,0.683,5.74,3.8745,5.23,0.307,-0.05
1396,"이재율","NC",23,17,15,3,1,2,0,0,5,1,0,0,3,1,0,0.25,0.2,0.294,0.333,0.627,1.07,2.063571,1.43,0.295,-0.05
650,"김응민","삼성",1,2,2,0,0,0,0,0,0,0,0,0,0,0,NA,0,0,0,0,0,0,0,-0.37,0,-0.05
1616,"전민재","두산",9,5,4,1,1,0,0,0,1,1,0,0,2,0,0,0.333,0.25,0.2,0.25,0.45,0.34,2.295,-0.09,0.184,-0.06
1676,"오정환","KIA",9,18,17,4,3,1,0,0,1,2,1,0,9,0,0.111,0.5,0.235,0.278,0.294,0.572,1.46,3.032308,1.03,0.266,-0.06
945,"유서준","SSG",6,2,2,0,0,0,0,0,1,0,0,0,1,0,0,0,0,0,0,0,0,0,-0.37,0,-0.06
1539,"최민창","LG",3,2,2,0,0,0,0,0,0,0,0,0,0,0,NA,0,0,0,0,0,0,0,-0.37,0,-0.06
1942,"이태훈","삼성",3,2,2,0,0,0,0,0,0,0,0,0,1,0,0,0,0,0,0,0,0,0,-0.37,0,-0.06
1965,"최우재","NC",2,2,2,0,0,0,0,0,0,0,0,0,0,0,NA,0,0,0,0,0,0,0,-0.37,0,-0.06
1931,"크레익","Hero",61,247,222,55,37,12,0,6,25,30,20,1,43,0,0.465,0.282,0.248,0.32,0.383,0.703,27.46,4.285665,26.35,0.32,-0.07
1805,"김병휘","Hero",13,11,10,2,2,0,0,0,5,0,1,0,2,0,0.5,0.25,0.2,0.273,0.2,0.473,0.62,2.0925,0.34,0.237,-0.07
1933,"최보성","NC",10,14,12,3,3,0,0,0,0,1,0,0,5,0,0,0.429,0.25,0.308,0.25,0.558,0.81,1.988182,0.89,0.273,-0.08
1852,"이호연","롯데",7,11,9,2,2,0,0,0,0,1,1,0,1,0,1,0.222,0.222,0.273,0.222,0.495,0.55,1.65,0.34,0.237,-0.08
1918,"이주형","Hero",5,11,10,1,0,0,0,1,1,3,1,0,7,0,0.143,0,0.1,0.182,0.4,0.582,0.77,2.31,0.46,0.249,-0.08
552,"정상호","SSG",3,3,3,0,0,0,0,0,0,0,0,0,2,0,0,0,0,0,0,0,0,0,-0.56,0,-0.08
1902,"이영빈","LG",71,168,148,36,25,9,0,2,21,16,14,0,51,6,0.275,0.351,0.243,0.317,0.345,0.662,17.62,3.997815,16.07,0.308,-0.09
1842,"문찬종","Hero",13,17,14,2,2,0,0,0,0,1,3,0,4,0,0.75,0.2,0.143,0.294,0.143,0.437,0.65,1.35,0.64,0.245,-0.09
1477,"김민혁","두산",6,8,6,0,0,0,0,0,0,0,2,0,2,0,1,0,0,0.25,0,0.25,0.13,0.585,-0.07,0.194,-0.09
768,"백동훈","두산",5,3,3,0,0,0,0,0,1,0,0,0,2,0,0,0,0,0,0,0,0,0,-0.56,0,-0.09
912,"장준원","LG",5,3,3,0,0,0,0,0,0,0,0,0,0,0,NA,0,0,0,0,0,0,0,-0.56,0,-0.09
1601,"백승민","삼성",4,3,3,0,0,0,0,0,0,0,0,0,2,0,0,0,0,0,0,0,0,0,-0.56,0,-0.09
1800,"오명진","두산",2,3,3,0,0,0,0,0,1,0,0,0,1,0,0,0,0,0,0,0,0,0,-0.56,0,-0.09
1453,"김주현","롯데",8,17,16,4,4,0,0,0,1,0,1,0,6,0,0.167,0.4,0.25,0.294,0.25,0.544,1.25,2.8125,0.91,0.262,-0.1
91,"오준혁","SSG",26,50,46,10,6,2,0,2,7,5,4,0,15,0,0.267,0.276,0.217,0.28,0.391,0.671,4.57,3.247105,4.47,0.301,-0.1
1724,"박승규","삼성",59,78,66,12,8,1,0,3,13,5,9,0,9,1,1,0.167,0.182,0.299,0.333,0.632,5.98,2.691,6.84,0.299,-0.1
1763,"손호영","LG",8,12,10,1,1,0,0,0,2,0,1,0,2,0,0.5,0.125,0.1,0.25,0.1,0.35,0.38,1.14,0.04,0.207,-0.1
1919,"김건형","KT",11,39,33,7,6,1,0,0,4,0,6,1,6,1,1,0.259,0.212,0.333,0.242,0.575,3.27,3.395769,2.73,0.28,-0.11
1895,"박정우","KIA",32,61,48,9,8,1,0,0,3,4,10,0,8,0,1.25,0.225,0.188,0.35,0.208,0.558,3.8,2.331818,5.32,0.299,-0.11
931,"강민국","KT",18,50,45,11,9,2,0,0,2,4,3,0,6,0,0.5,0.282,0.244,0.292,0.289,0.581,3.79,2.8425,3.19,0.273,-0.12
1793,"김수환","Hero",13,44,41,9,5,2,0,2,5,5,2,0,17,0,0.118,0.304,0.22,0.25,0.415,0.665,3.71,2.862,3.33,0.286,-0.12
1336,"안익훈","LG",47,16,14,2,1,1,0,0,4,1,0,0,2,0,0,0.167,0.143,0.25,0.214,0.464,0.66,1.370769,0.46,0.235,-0.12
1930,"권혁경","KIA",5,18,18,4,4,0,0,0,1,0,0,0,6,0,0,0.333,0.222,0.222,0.222,0.444,0.44,0.7425,0.01,0.204,-0.13
422,"황윤호","KIA",6,19,17,3,3,0,0,0,2,0,1,0,3,0,0.333,0.214,0.176,0.263,0.176,0.439,0.74,1.332,0.42,0.227,-0.13
1756,"안권수","두산",87,47,42,10,9,0,1,0,17,4,3,0,3,3,1,0.256,0.238,0.289,0.286,0.575,4.25,3.375,2.85,0.27,-0.15
220,"지석훈","NC",28,43,34,5,4,1,0,0,6,2,7,0,12,0,0.583,0.217,0.147,0.302,0.176,0.478,2.69,2.421,2.2,0.259,-0.15
870,"강경학","한화",12,26,22,3,3,0,0,0,1,0,4,0,10,1,0.4,0.25,0.136,0.269,0.136,0.405,1.23,1.747895,0.52,0.225,-0.15
674,"국해성","두산",4,8,8,1,1,0,0,0,0,0,0,0,2,0,0,0.167,0.125,0.125,0.125,0.25,0.13,0.501429,-0.65,0.115,-0.16
1874,"고명준","SSG",3,5,5,0,0,0,0,0,0,0,0,0,3,0,0,0,0,0,0,0,0,0,-0.93,0,-0.16
1648,"이학주","삼성",66,174,155,32,20,8,0,4,17,20,14,0,61,1,0.23,0.311,0.206,0.276,0.335,0.611,14.12,2.888182,12.5,0.282,-0.17
1377,"최정용","KIA",53,65,52,10,9,1,0,0,7,2,9,0,16,2,0.563,0.27,0.192,0.306,0.212,0.518,4.63,2.659787,3.73,0.266,-0.17
827,"모창민","NC",3,6,5,0,0,0,0,0,0,0,1,0,1,0,1,0,0,0.167,0,0.167,0,0,-0.41,0.129,-0.17
33,"오선진","삼성",23,46,42,9,9,0,0,0,5,2,3,0,8,0,0.375,0.265,0.214,0.283,0.214,0.497,2.4,1.851429,1.85,0.247,-0.18
670,"민병헌","롯데",14,49,42,8,5,3,0,0,5,2,6,0,11,0,0.545,0.258,0.19,0.292,0.262,0.554,2.94,2.088947,3.04,0.271,-0.18
649,"박세혁","두산",96,270,237,52,40,12,0,0,25,30,22,0,43,4,0.512,0.264,0.219,0.296,0.27,0.566,20.23,2.744774,17.15,0.273,-0.19
1771,"조한민","한화",52,145,127,25,12,6,2,5,15,18,13,0,57,3,0.228,0.299,0.197,0.278,0.394,0.672,13.43,3.266757,12.76,0.3,-0.19
1851,"허관회","한화",28,79,63,12,12,0,0,0,4,2,13,0,22,0,0.591,0.279,0.19,0.329,0.19,0.519,5.47,2.735,5.31,0.277,-0.19
1879,"신준우","Hero",56,51,42,7,4,3,0,0,7,4,4,0,21,0,0.19,0.318,0.167,0.28,0.238,0.518,3.09,2.139231,2.57,0.258,-0.19
1588,"김호재","삼성",87,90,75,17,15,2,0,0,9,7,9,0,14,0,0.643,0.274,0.227,0.322,0.253,0.575,7.37,3.3165,6.76,0.286,-0.21
1928,"김민수","NC",7,7,7,0,0,0,0,0,0,0,0,0,2,0,0,0,0,0,0,0,0,0,-1.3,0,-0.21
1865,"힐리","한화",67,268,249,64,45,11,1,7,27,37,16,0,58,2,0.276,0.308,0.257,0.306,0.394,0.7,29.21,4.086373,27.37,0.315,-0.22
1944,"김규남","SSG",4,7,7,0,0,0,0,0,0,0,0,0,3,0,0,0,0,0,0,0,0,0,-1.3,0,-0.22
1659,"신민재","LG",32,27,23,3,3,0,0,0,8,2,4,0,6,2,0.667,0.176,0.13,0.259,0.13,0.389,1.13,1.452857,0.33,0.217,-0.23
1969,"정민규","한화",6,17,16,2,1,1,0,0,1,0,1,0,6,0,0.167,0.2,0.125,0.176,0.188,0.364,0.38,0.684,-0.46,0.174,-0.23
1908,"이주찬","롯데",3,8,7,0,0,0,0,0,0,0,0,0,5,0,0,0,0,0,0,0,0,0,-1.48,0,-0.23
119,"이성우","LG",36,39,33,7,7,0,0,0,0,2,1,0,8,0,0.125,0.28,0.212,0.235,0.212,0.447,1.77,1.493438,0.31,0.212,-0.24
1409,"도태훈","NC",77,76,66,12,10,1,0,1,10,9,6,0,14,1,0.429,0.216,0.182,0.289,0.242,0.531,4.78,2.264211,4.35,0.266,-0.24
120,"백용환","한화",36,95,81,12,7,1,0,4,10,4,9,0,24,0,0.375,0.151,0.148,0.258,0.309,0.567,6.14,2.2104,5.57,0.268,-0.24
1954,"송호정","한화",10,11,10,0,0,0,0,0,1,0,1,0,8,0,0.125,0,0,0.091,0,0.091,0.02,0.054,-1.33,0.07,-0.24
1482,"홍현빈","KT",43,12,11,2,2,0,0,0,8,0,0,0,8,0,0,0.667,0.182,0.182,0.182,0.364,0.21,0.515455,-0.4,0.167,-0.25
1878,"이주형","LG",14,19,16,2,2,0,0,0,3,0,1,0,7,2,0.143,0.222,0.125,0.222,0.125,0.347,0.64,1.08,-0.25,0.189,-0.25
1495,"강상원","한화",35,49,37,4,4,0,0,0,7,2,9,0,11,3,0.818,0.154,0.108,0.298,0.108,0.406,2.63,2.028857,1.79,0.243,-0.25
1287,"문상철","KT",53,106,96,21,13,6,0,2,14,16,8,0,33,2,0.242,0.311,0.219,0.292,0.344,0.636,10.37,3.684079,8.82,0.294,-0.26
950,"이창진","KIA",105,293,249,52,40,8,1,3,35,33,36,0,54,5,0.667,0.251,0.209,0.308,0.285,0.593,23.6,2.97757,22.38,0.287,-0.26
831,"강진성","NC",124,462,406,101,74,20,0,7,49,38,36,2,68,9,0.529,0.282,0.249,0.33,0.35,0.68,47.87,3.964693,47.73,0.316,-0.27
657,"김재호","두산",89,251,211,44,35,8,0,1,23,24,29,0,34,1,0.853,0.24,0.209,0.306,0.261,0.567,18.42,2.702935,17.24,0.278,-0.27
1328,"강태율","롯데",19,31,26,2,0,1,0,1,1,5,4,0,10,0,0.4,0.063,0.077,0.194,0.231,0.425,1.01,1.01,0.02,0.204,-0.27
1862,"프레이타스","Hero",43,148,139,36,24,10,0,2,13,14,7,0,29,0,0.241,0.312,0.259,0.297,0.374,0.671,13.69,3.33,13.42,0.303,-0.28
1790,"김호은","LG",7,9,9,0,0,0,0,0,0,0,0,0,4,0,0,0,0,0,0,0,0,0,-1.67,0,-0.28
1768,"김현민","한화",5,12,12,1,1,0,0,0,0,0,0,0,4,0,0,0.125,0.083,0.083,0.083,0.166,0.08,0.196364,-1.39,0.077,-0.29
1708,"최승민","NC",48,34,31,7,6,1,0,0,8,1,1,0,7,4,0.143,0.292,0.226,0.25,0.258,0.508,1.67,1.554828,1.01,0.236,-0.3
1602,"문성주","LG",31,89,79,18,16,1,0,1,11,10,7,0,15,1,0.467,0.266,0.228,0.303,0.278,0.581,7.19,3.033281,6.23,0.28,-0.31
1322,"강로한","롯데",21,35,33,4,2,0,0,2,7,4,2,0,18,0,0.111,0.154,0.121,0.171,0.303,0.474,1.8,1.675862,0.18,0.209,-0.31
1821,"박민","KIA",18,38,35,6,5,1,0,0,3,3,2,0,10,0,0.2,0.24,0.171,0.237,0.2,0.437,1.43,1.245484,0.43,0.216,-0.32
918,"임지열","Hero",19,30,25,3,3,0,0,0,5,0,4,0,10,0,0.4,0.2,0.12,0.267,0.12,0.387,0.86,0.9675,0.5,0.221,-0.33
1678,"오선우","KIA",9,16,15,1,1,0,0,0,1,0,1,0,9,0,0.111,0.167,0.067,0.125,0.067,0.192,0.16,0.308571,-1.42,0.106,-0.33
272,"고종욱","SSG",88,199,180,48,41,5,0,2,25,18,16,0,30,2,0.533,0.307,0.267,0.323,0.328,0.651,18.28,3.4275,18.37,0.304,-0.34
236,"이성열","한화",46,140,119,25,15,8,0,2,15,20,18,0,36,1,0.5,0.277,0.21,0.314,0.328,0.642,13.77,3.793776,12.83,0.304,-0.34
1485,"조용호","KT",138,515,428,101,86,14,1,0,71,48,74,0,85,12,0.871,0.29,0.236,0.349,0.273,0.622,46.77,3.567203,49.95,0.31,-0.35
1769,"김규성","KIA",54,41,36,5,4,1,0,0,8,2,5,0,17,0,0.294,0.263,0.139,0.244,0.167,0.411,1.6,1.35,0.43,0.215,-0.35
1508,"김성윤","삼성",30,19,18,3,3,0,0,0,7,2,0,0,5,0,0,0.214,0.167,0.158,0.167,0.325,0.4,0.635294,-1.01,0.145,-0.36
274,"박정음","Hero",70,18,14,0,0,0,0,0,19,1,2,0,3,4,0.667,0,0,0.167,0,0.167,0,0,-1.2,0.13,-0.36
1687,"김도환","삼성",25,46,41,6,4,2,0,0,1,1,2,0,20,0,0.1,0.286,0.146,0.222,0.195,0.417,1.87,1.364595,0.17,0.207,-0.37
682,"이우성","KIA",65,100,85,17,12,5,0,0,12,4,13,0,17,2,0.765,0.246,0.2,0.303,0.259,0.562,7.48,2.766575,6.7,0.277,-0.4
1916,"김휘집","Hero",34,89,70,9,7,1,0,1,9,8,13,0,23,1,0.565,0.17,0.129,0.279,0.186,0.465,5.34,2.218154,3.61,0.248,-0.4
1924,"장지승","한화",24,72,61,11,9,1,0,1,7,5,7,0,24,2,0.292,0.27,0.18,0.271,0.246,0.517,4.15,1.965789,3.26,0.253,-0.41
139,"나지완","KIA",31,102,81,13,12,1,0,0,3,7,14,0,29,0,0.483,0.245,0.16,0.324,0.173,0.497,5.9,2.2125,6.51,0.273,-0.41
1703,"구본혁","LG",123,45,38,5,3,2,0,0,10,3,3,0,7,0,0.429,0.152,0.132,0.205,0.184,0.389,2.04,1.53,-0.52,0.191,-0.41
603,"최민재","롯데",21,27,25,2,1,1,0,0,2,2,2,0,8,2,0.25,0.118,0.08,0.148,0.12,0.268,0.51,0.57375,-1.6,0.138,-0.41
576,"정진기","SSG",2,7,7,0,0,0,0,0,0,0,0,0,2,0,0,0,0,0,0,0,0,0,-1.3,0,-0.41
1318,"황대인","KIA",86,308,282,67,43,10,1,13,30,45,18,0,62,0,0.29,0.255,0.238,0.283,0.418,0.701,32.54,3.836594,29.56,0.308,-0.43
331,"이천웅","LG",67,210,180,36,27,7,0,2,20,16,25,0,23,3,1.087,0.218,0.2,0.306,0.272,0.578,14.36,2.438491,15.4,0.284,-0.43
1321,"김재성","LG",58,73,65,9,5,2,1,1,6,3,5,0,13,1,0.385,0.154,0.138,0.208,0.246,0.454,3.45,1.5525,0.61,0.212,-0.43
1364,"허정협","Hero",29,52,45,7,7,0,0,0,5,2,7,0,10,0,0.7,0.2,0.156,0.269,0.156,0.425,2.21,1.53,1.17,0.228,-0.44
576,"정진기","NC",86,199,186,43,29,8,0,6,27,21,10,0,37,6,0.27,0.259,0.231,0.274,0.371,0.645,18.72,3.3696,15.66,0.289,-0.46
1285,"김태훈","KT",44,91,87,20,14,4,1,1,6,6,2,0,19,1,0.105,0.284,0.23,0.256,0.333,0.589,7.45,2.915217,5.04,0.264,-0.47
1398,"이동훈","한화",33,62,53,10,9,1,0,0,8,2,3,0,12,2,0.25,0.244,0.189,0.259,0.208,0.467,2.74,1.450588,1.6,0.232,-0.47
1872,"나승엽","롯데",60,128,113,23,19,2,0,2,16,10,14,0,33,1,0.424,0.266,0.204,0.289,0.274,0.563,10.1,2.96413,7.96,0.271,-0.48
1410,"김지수","한화",11,25,24,2,1,1,0,0,0,0,1,0,14,0,0.071,0.2,0.083,0.12,0.125,0.245,0.39,0.478636,-1.94,0.118,-0.48
557,"나주환","KIA",19,32,31,5,5,0,0,0,0,3,0,0,12,0,0,0.25,0.161,0.156,0.161,0.317,0.55,0.512069,-1.74,0.143,-0.5
1829,"김기환","NC",62,149,140,29,17,7,2,3,19,13,8,0,45,15,0.178,0.283,0.207,0.25,0.35,0.6,13.16,3.063103,8.77,0.268,-0.52
930,"박대온","NC",42,95,85,18,17,1,0,0,4,5,4,0,21,0,0.19,0.273,0.212,0.242,0.224,0.466,5.49,2.030548,1.41,0.219,-0.54
884,"이성곤","삼성",2,2,2,0,0,0,0,0,0,0,0,0,1,0,0,0,0,0,0,0,0,0,-0.37,0,-0.55
215,"이해창","한화",20,60,54,9,6,3,0,0,4,4,1,0,13,0,0.077,0.214,0.167,0.193,0.222,0.415,2.48,1.3392,-0.7,0.19,-0.56
1523,"이원재","NC",31,69,65,15,13,2,0,0,3,7,1,0,11,1,0.091,0.273,0.231,0.25,0.262,0.512,4.48,2.282264,2.04,0.236,-0.57
148,"이홍구","KT",37,58,55,9,8,0,0,1,4,5,2,1,28,0,0.071,0.296,0.164,0.19,0.218,0.408,1.58,0.836471,-1.39,0.177,-0.58
1699,"김창평","SSG",40,28,25,2,2,0,0,0,6,1,1,0,6,2,0.167,0.105,0.08,0.115,0.08,0.195,0.31,0.321923,-2.63,0.1,-0.59
707,"정진호","한화",47,167,145,33,24,9,0,0,9,15,15,1,22,4,0.682,0.264,0.228,0.301,0.29,0.591,13.27,2.889435,11.38,0.278,-0.6
872,"노태형","한화",18,49,43,5,4,1,0,0,6,1,6,0,15,0,0.4,0.179,0.116,0.224,0.14,0.364,1.7,1.207895,-0.34,0.196,-0.6
326,"정의윤","SSG",62,178,165,38,29,2,0,7,21,24,11,1,37,0,0.297,0.252,0.23,0.275,0.37,0.645,15.69,3.138,13.46,0.286,-0.61
1742,"박주홍","Hero",23,56,47,5,3,2,0,0,4,3,9,0,21,1,0.429,0.192,0.106,0.25,0.149,0.399,2.11,1.294773,0.79,0.219,-0.61
1407,"김동엽","삼성",69,203,185,44,31,9,0,4,20,24,10,0,42,2,0.238,0.28,0.238,0.286,0.351,0.637,19.62,3.579324,15.8,0.289,-0.64
61,"장운호","한화",102,338,285,67,57,10,0,0,36,28,36,0,77,3,0.468,0.318,0.235,0.332,0.27,0.602,27.45,3.075311,28.97,0.297,-0.68
658,"오재원","두산",45,79,72,12,9,3,0,0,6,5,6,0,18,2,0.333,0.218,0.167,0.228,0.208,0.436,3.5,1.476563,0.58,0.211,-0.68
1594,"이도윤","한화",56,68,63,11,11,0,0,0,5,2,4,0,18,1,0.222,0.244,0.175,0.224,0.175,0.399,2.31,1.11375,-0.39,0.197,-0.72
1787,"박정현","한화",33,120,107,21,17,4,0,0,10,9,9,0,32,1,0.281,0.276,0.196,0.256,0.234,0.49,7.3,2.165934,3.6,0.236,-0.74
1932,"보어","LG",32,117,100,17,12,2,0,3,7,17,11,0,30,0,0.367,0.2,0.17,0.265,0.28,0.545,8.4,2.577273,5.97,0.259,-0.74
1767,"변상권","Hero",72,171,159,38,29,5,4,0,19,20,9,0,40,0,0.225,0.311,0.239,0.275,0.321,0.596,14.6,3.128571,10.37,0.27,-0.76
1600,"예진원","Hero",52,132,114,18,10,6,1,1,16,8,12,0,28,0,0.429,0.198,0.158,0.248,0.254,0.502,7.68,2.013204,4.59,0.241,-0.9
1681,"이원석","한화",43,130,114,20,17,1,1,1,12,9,8,0,43,4,0.186,0.264,0.175,0.238,0.228,0.466,7.13,1.869029,2.41,0.224,-0.96
1668,"유장혁","한화",34,112,98,14,8,5,0,1,11,7,8,0,39,2,0.205,0.217,0.143,0.218,0.224,0.442,5.25,1.575,0.96,0.213,-0.96
1810,"임종찬","한화",42,146,131,20,14,5,0,1,9,8,12,0,49,0,0.245,0.235,0.153,0.229,0.214,0.443,6.66,1.550172,1.8,0.217,-1.47
